{"mean": 1.3992167711257935, "std": 1.860236644744873, "sr": 16000, "n_mels": 64, "n_fft": 1024, "hop": 512, "fixed_frames": 160}